OrderDate,Region,Rep,Item,Units,Unit,Cost,Total
6/3/2020,Central,Morgan,Pen Set,35,12.49,437.15,
5/10/2020,West,Parent,Desk,101,125,12625,
7/12/2021,West,Jardine,Pencil,63,0.99,62.37,
6/26/2021,Central,Jones,Pencil,59,0.99,58.41,
6/14/2020,East,Jardine,Pen,174,1.99,346.26,
11/17/2021,West,Jardine,Binder,49,4.99,244.51,
10/7/2021,Central,Kivell,Desk,219,125,27375,
3/26/2021,West,Kivell,Desk,157,125,19625,
6/5/2020,East,Morgan,Desk,80,125,10000,
9/25/2020,West,Thompson,Binder,151,4.99,753.49,
8/17/2020,East,Thompson,Desk,75,125,9375,
10/18/2021,East,Jones,Binder,182,4.99,908.18,
12/10/2021,West,Gill,Pen,105,1.99,208.95,
10/11/2020,West,Gill,Pencil,217,0.99,214.83,
12/7/2021,West,Smith,Pen,44,1.99,87.56,
3/23/2020,East,Smith,Pen,35,1.99,69.65,
7/20/2021,West,Jardine,Desk,41,125,5125,
9/21/2021,East,Smith,Pen,123,1.99,244.77,
3/11/2020,Central,Andrews,Pen,113,1.99,224.87,
1/15/2020,West,Kivell,Pencil,166,0.99,164.34,
10/25/2021,Central,Parent,Binder,253,4.99,1262.47,
6/9/2020,East,Andrews,Pen,143,1.99,284.57,
11/9/2020,West,Howard,Pencil,52,0.99,51.48,
8/22/2020,Central,Thompson,Desk,117,125,14625,
1/6/2021,Central,Thompson,Pencil,273,0.99,270.27,
1/29/2020,East,Jones,Pencil,45,0.99,44.55,
12/5/2020,Central,Kivell,Desk,276,125,34500,
8/9/2021,West,Howard,Pen,176,1.99,350.24,
1/29/2021,East,Thompson,Pen Set,139,12.49,1736.11,
3/25/2020,East,Parent,Desk,233,125,29125,
12/11/2021,Central,Gill,Desk,42,125,5250,
2/19/2021,West,Jones,Desk,39,125,4875,
4/1/2020,East,Andrews,Pen Set,200,12.49,2498,
3/3/2021,East,Howard,Binder,42,4.99,209.58,
8/14/2021,West,Gill,Pencil,31,0.99,30.69,
6/1/2020,East,Kivell,Pen Set,153,12.49,1910.97,
11/13/2021,West,Sorvino,Pencil,267,0.99,264.33,
4/9/2020,West,Andrews,Pencil,218,0.99,215.82,
12/19/2020,Central,Smith,Pencil,122,0.99,120.78,
9/26/2020,East,Gill,Binder,194,4.99,968.06,
1/24/2020,East,Kivell,Binder,142,4.99,708.58,
12/12/2021,West,Howard,Pen Set,272,12.49,3397.28,
6/24/2020,West,Sorvino,Pen,211,1.99,419.89,
8/24/2021,East,Jones,Pen,171,1.99,340.29,
11/19/2021,West,Smith,Pencil,151,0.99,149.49,
12/29/2020,Central,Jardine,Pen Set,191,12.49,2385.59,
9/23/2021,West,Morgan,Pen Set,46,12.49,574.54,
5/8/2021,Central,Howard,Desk,293,125,36625,
6/30/2020,West,Jones,Pen Set,126,12.49,1573.74,
12/2/2020,Central,Jones,Pencil,187,0.99,185.13,
4/29/2020,East,Andrews,Desk,210,125,26250,
6/10/2021,Central,Thompson,Binder,225,4.99,1122.75,
5/28/2020,Central,Thompson,Pen,14,1.99,27.86,
5/6/2021,West,Parent,Binder,120,4.99,598.8,
5/9/2020,East,Howard,Desk,66,125,8250,
3/10/2020,West,Gill,Desk,127,125,15875,
1/26/2020,Central,Morgan,Pen,195,1.99,388.05,
6/26/2020,Central,Thompson,Desk,261,125,32625,
2/11/2020,West,Sorvino,Binder,168,4.99,838.32,
3/13/2021,East,Thompson,Pencil,282,0.99,279.18,
3/12/2021,East,Sorvino,Binder,34,4.99,169.66,
9/20/2020,East,Parent,Pen,276,1.99,549.24,
1/18/2021,Central,Howard,Desk,132,125,16500,
1/12/2020,Central,Smith,Pen,293,1.99,583.07,
4/7/2021,East,Sorvino,Pen,144,1.99,286.56,
2/13/2020,Central,Gill,Pencil,99,0.99,98.01,
12/18/2020,West,Morgan,Pen,247,1.99,491.53,
3/21/2021,West,Howard,Pen Set,112,12.49,1398.88,
12/5/2021,Central,Howard,Pen Set,195,12.49,2435.55,
5/15/2020,West,Morgan,Pen,247,1.99,491.53,
1/23/2020,West,Andrews,Desk,248,125,31000,
6/18/2021,Central,Gill,Pen Set,11,12.49,137.39,
11/13/2020,West,Sorvino,Pen,272,1.99,541.28,
11/12/2021,Central,Parent,Pen,131,1.99,260.69,
6/14/2021,West,Jones,Pencil,227,0.99,224.73,
9/29/2020,Central,Morgan,Pen Set,97,12.49,1211.53,
4/13/2020,West,Thompson,Binder,196,4.99,978.04,
2/6/2021,West,Morgan,Pencil,212,0.99,209.88,
5/19/2021,West,Jones,Pen Set,31,12.49,387.19,
5/27/2020,West,Jones,Desk,130,125,16250,
4/19/2021,Central,Parent,Binder,210,4.99,1047.9,
9/10/2020,West,Smith,Pencil,147,0.99,145.53,
7/10/2020,Central,Jardine,Pencil,77,0.99,76.23,
6/30/2021,East,Smith,Pencil,176,0.99,174.24,
7/21/2020,East,Parent,Pen,281,1.99,559.19,
1/24/2020,East,Parent,Pencil,58,0.99,57.42,
7/24/2020,Central,Jones,Binder,25,4.99,124.75,
1/1/2021,Central,Gill,Binder,30,4.99,149.7,
1/13/2021,East,Sorvino,Binder,126,4.99,628.74,
4/26/2021,West,Thompson,Pen,113,1.99,224.87,
10/15/2021,West,Jones,Pen Set,296,12.49,3697.04,
8/1/2020,Central,Gill,Desk,223,125,27875,
1/5/2020,East,Jones,Pen,268,1.99,533.32,
7/3/2020,West,Morgan,Pen,167,1.99,332.33,
12/21/2020,Central,Gill,Pen Set,156,12.49,1948.44,
8/1/2020,Central,Smith,Pen Set,159,12.49,1985.91,
8/11/2021,Central,Morgan,Pen Set,96,12.49,1199.04,
6/29/2020,Central,Jones,Desk,231,125,28875,
9/27/2020,West,Morgan,Binder,277,4.99,1382.23,
7/16/2021,West,Jardine,Pen,16,1.99,31.84,
11/19/2020,Central,Morgan,Pencil,70,0.99,69.3,
5/11/2020,Central,Morgan,Pencil,249,0.99,246.51,
12/5/2021,Central,Howard,Binder,255,4.99,1272.45,
12/23/2021,Central,Howard,Pen,227,1.99,451.73,
6/25/2020,West,Andrews,Pen,175,1.99,348.25,
6/17/2021,West,Parent,Pen Set,45,12.49,562.05,
12/28/2021,Central,Jones,Desk,228,125,28500,
5/1/2021,East,Andrews,Pen Set,245,12.49,3060.05,
8/24/2021,Central,Jardine,Pen,249,1.99,495.51,
12/16/2020,West,Kivell,Binder,94,4.99,469.06,
6/10/2020,West,Smith,Pencil,177,0.99,175.23,
1/3/2020,Central,Morgan,Pencil,26,0.99,25.74,
3/13/2020,East,Andrews,Desk,239,125,29875,
7/28/2021,East,Jardine,Binder,161,4.99,803.39,
3/22/2020,Central,Kivell,Pen,28,1.99,55.72,
2/19/2020,Central,Andrews,Pen Set,166,12.49,2073.34,
2/24/2020,Central,Gill,Pen Set,110,12.49,1373.9,
5/30/2020,East,Sorvino,Pen,175,1.99,348.25,
3/27/2020,Central,Gill,Pencil,195,0.99,193.05,
4/28/2021,Central,Howard,Binder,168,4.99,838.32,
7/6/2020,Central,Howard,Pen Set,201,12.49,2510.49,
3/25/2020,West,Gill,Pen Set,235,12.49,2935.15,
1/19/2021,West,Thompson,Desk,38,125,4750,
6/1/2021,Central,Gill,Pen Set,83,12.49,1036.67,
11/30/2021,Central,Sorvino,Pencil,207,0.99,204.93,
6/19/2021,East,Gill,Pen Set,151,12.49,1885.99,
8/22/2021,Central,Gill,Pen Set,66,12.49,824.34,
6/7/2021,East,Jardine,Pen Set,55,12.49,686.95,
3/8/2021,East,Gill,Binder,219,4.99,1092.81,
10/29/2021,East,Sorvino,Pen,283,1.99,563.17,
7/10/2020,West,Jardine,Binder,247,4.99,1232.53,
1/15/2020,East,Sorvino,Pen,55,1.99,109.45,
1/23/2021,West,Jardine,Desk,110,125,13750,
2/21/2020,Central,Parent,Pen Set,259,12.49,3234.91,
12/17/2020,Central,Howard,Pen Set,124,12.49,1548.76,
9/6/2021,East,Jones,Binder,56,4.99,279.44,
1/8/2020,East,Morgan,Desk,281,125,35125,
7/9/2020,East,Jardine,Pen,173,1.99,344.27,
6/23/2021,Central,Kivell,Pen Set,30,12.49,374.7,
6/20/2021,East,Gill,Pencil,19,0.99,18.81,
2/12/2021,West,Sorvino,Desk,142,125,17750,
12/15/2021,Central,Thompson,Binder,28,4.99,139.72,
6/21/2020,Central,Gill,Pencil,266,0.99,263.34,
9/20/2020,East,Thompson,Desk,182,125,22750,
3/20/2021,Central,Jones,Pen Set,30,12.49,374.7,
5/20/2020,West,Jardine,Binder,34,4.99,169.66,
2/24/2020,West,Sorvino,Pen Set,156,12.49,1948.44,
12/20/2020,East,Thompson,Pen Set,229,12.49,2860.21,
6/4/2020,East,Sorvino,Pencil,300,0.99,297,
3/10/2021,West,Jones,Pencil,175,0.99,173.25,
8/11/2020,Central,Parent,Binder,122,4.99,608.78,
1/7/2020,East,Morgan,Pen,129,1.99,256.71,
6/2/2021,West,Parent,Binder,215,4.99,1072.85,
11/5/2021,East,Kivell,Pencil,202,0.99,199.98,
10/28/2021,East,Kivell,Pen,101,1.99,200.99,
5/8/2021,Central,Kivell,Pencil,66,0.99,65.34,
11/27/2020,West,Howard,Pencil,140,0.99,138.6,
2/11/2020,Central,Jardine,Pen,62,1.99,123.38,
7/30/2020,East,Howard,Desk,297,125,37125,
10/1/2021,East,Kivell,Binder,94,4.99,469.06,
7/14/2020,East,Morgan,Desk,186,125,23250,
1/31/2021,Central,Howard,Pen Set,11,12.49,137.39,
9/29/2021,East,Kivell,Pen,47,1.99,93.53,
3/11/2021,West,Smith,Pen,154,1.99,306.46,
11/14/2021,West,Howard,Pen,120,1.99,238.8,
6/6/2020,Central,Thompson,Pen,107,1.99,212.93,
11/12/2020,West,Morgan,Binder,195,4.99,973.05,
5/9/2020,West,Parent,Pen Set,196,12.49,2448.04,
9/29/2020,East,Gill,Binder,24,4.99,119.76,
4/19/2020,East,Jones,Binder,107,4.99,533.93,
10/22/2020,Central,Jones,Desk,254,125,31750,
4/25/2021,East,Kivell,Pen,208,1.99,413.92,
8/20/2020,East,Kivell,Pencil,223,0.99,220.77,
2/22/2020,Central,Andrews,Pencil,64,0.99,63.36,
8/19/2020,Central,Parent,Pen Set,273,12.49,3409.77,
12/14/2021,East,Gill,Pen Set,197,12.49,2460.53,
2/22/2021,East,Parent,Binder,119,4.99,593.81,
4/5/2020,East,Morgan,Desk,165,125,20625,
6/10/2021,Central,Sorvino,Pen,287,1.99,571.13,
7/4/2021,West,Smith,Binder,14,4.99,69.86,
9/28/2020,East,Smith,Pen,274,1.99,545.26,
9/12/2020,West,Andrews,Desk,284,125,35500,
5/28/2020,East,Kivell,Desk,225,125,28125,
9/6/2020,Central,Morgan,Binder,84,4.99,419.16,
8/9/2020,East,Sorvino,Pencil,58,0.99,57.42,
11/8/2021,West,Smith,Pencil,276,0.99,273.24,
1/7/2020,East,Smith,Pen Set,44,12.49,549.56,
12/24/2021,West,Thompson,Pen,153,1.99,304.47,
7/16/2020,West,Sorvino,Pencil,29,0.99,28.71,
5/17/2021,East,Thompson,Pencil,192,0.99,190.08,
10/2/2021,West,Kivell,Binder,211,4.99,1052.89,
12/8/2020,Central,Thompson,Binder,152,4.99,758.48,
2/22/2021,West,Parent,Pencil,133,0.99,131.67,
3/25/2021,East,Parent,Pen Set,105,12.49,1311.45,
3/29/2020,East,Morgan,Pen,156,1.99,310.44,
5/17/2020,East,Parent,Binder,293,4.99,1462.07,
10/24/2020,Central,Parent,Binder,175,4.99,873.25,
4/27/2020,West,Kivell,Pen Set,300,12.49,3747,
7/29/2021,East,Andrews,Pen,120,1.99,238.8,
12/13/2020,East,Sorvino,Pen Set,298,12.49,3722.02,
9/30/2021,East,Morgan,Binder,81,4.99,404.19,
5/26/2021,West,Gill,Pen Set,78,12.49,974.22,
7/4/2021,East,Kivell,Pen Set,262,12.49,3272.38,
6/22/2021,Central,Gill,Desk,27,125,3375,
8/8/2021,West,Jones,Desk,181,125,22625,
2/21/2020,East,Parent,Desk,293,125,36625,
7/28/2021,Central,Parent,Binder,165,4.99,823.35,
3/27/2021,Central,Parent,Pen,63,1.99,125.37,
10/29/2021,Central,Howard,Desk,45,125,5625,
10/26/2020,Central,Thompson,Pencil,61,0.99,60.39,
6/19/2021,Central,Parent,Pen Set,276,12.49,3447.24,
3/9/2021,Central,Kivell,Pen,209,1.99,415.91,
7/12/2021,East,Morgan,Binder,191,4.99,953.09,
11/27/2021,West,Andrews,Binder,14,4.99,69.86,
6/11/2021,Central,Thompson,Pen,278,1.99,553.22,
8/8/2020,West,Gill,Desk,201,125,25125,
11/20/2020,West,Parent,Pen,21,1.99,41.79,
4/24/2020,East,Sorvino,Pencil,174,0.99,172.26,
11/25/2020,Central,Smith,Binder,104,4.99,518.96,
5/27/2021,East,Jardine,Binder,137,4.99,683.63,
8/7/2020,Central,Parent,Binder,4,4.99,19.96,
6/29/2021,Central,Kivell,Pencil,180,0.99,178.2,
10/30/2020,Central,Parent,Desk,112,125,14000,
7/18/2020,Central,Jones,Binder,289,4.99,1442.11,
1/8/2021,Central,Howard,Pencil,282,0.99,279.18,
11/11/2021,Central,Gill,Pencil,237,0.99,234.63,
3/6/2021,East,Jones,Binder,93,4.99,464.07,
6/30/2021,Central,Smith,Pen,20,1.99,39.8,
3/17/2020,West,Parent,Desk,32,125,4000,
2/16/2020,West,Smith,Pencil,158,0.99,156.42,
10/2/2020,Central,Kivell,Pen Set,48,12.49,599.52,
6/24/2020,West,Sorvino,Pen Set,130,12.49,1623.7,
10/16/2021,West,Jardine,Desk,255,125,31875,
5/12/2021,East,Morgan,Pencil,194,0.99,192.06,
1/22/2021,Central,Morgan,Pencil,7,0.99,6.93,
6/11/2021,East,Howard,Pen Set,178,12.49,2223.22,
9/1/2020,Central,Jones,Pen Set,208,12.49,2597.92,
4/24/2020,Central,Jardine,Pencil,255,0.99,252.45,
4/21/2021,East,Andrews,Desk,249,125,31125,
4/11/2021,West,Morgan,Desk,173,125,21625,
7/31/2020,Central,Morgan,Binder,279,4.99,1392.21,
8/18/2021,East,Howard,Pencil,24,0.99,23.76,
6/20/2021,East,Howard,Pen,227,1.99,451.73,
12/25/2020,West,Sorvino,Desk,286,125,35750,
7/29/2020,Central,Parent,Pen,69,1.99,137.31,
11/24/2020,East,Morgan,Pen,273,1.99,543.27,
9/28/2021,West,Parent,Pen Set,192,12.49,2398.08,
3/23/2020,West,Jones,Desk,39,125,4875,
12/24/2020,West,Jones,Binder,171,4.99,853.29,
8/25/2020,Central,Gill,Binder,226,4.99,1127.74,
5/6/2021,West,Andrews,Pen,276,1.99,549.24,
6/30/2021,Central,Thompson,Pen,137,1.99,272.63,
4/8/2020,Central,Andrews,Desk,122,125,15250,
5/4/2020,Central,Andrews,Desk,42,125,5250,
8/15/2020,West,Howard,Pen,266,1.99,529.34,
10/12/2020,Central,Sorvino,Pencil,21,0.99,20.79,
3/14/2021,Central,Morgan,Pen Set,92,12.49,1149.08,
7/27/2021,Central,Howard,Pen,77,1.99,153.23,
3/5/2020,West,Gill,Pen Set,124,12.49,1548.76,
6/11/2020,East,Sorvino,Binder,193,4.99,963.07,
9/23/2021,West,Jones,Pen Set,295,12.49,3684.55,
9/10/2020,West,Morgan,Pencil,138,0.99,136.62,
6/11/2021,West,Thompson,Pencil,215,0.99,212.85,
2/29/2020,Central,Howard,Binder,206,4.99,1027.94,
9/25/2021,Central,Morgan,Desk,175,125,21875,
10/31/2020,West,Thompson,Pencil,116,0.99,114.84,
6/26/2021,East,Smith,Pen,240,1.99,477.6,
10/24/2021,Central,Thompson,Pen,44,1.99,87.56,
5/31/2020,Central,Kivell,Pencil,123,0.99,121.77,
7/22/2021,Central,Howard,Desk,290,125,36250,
9/17/2021,Central,Smith,Pen,277,1.99,551.23,
2/12/2021,Central,Parent,Pencil,221,0.99,218.79,
5/18/2021,East,Sorvino,Pen,11,1.99,21.89,
8/3/2020,East,Sorvino,Binder,74,4.99,369.26,
10/12/2021,East,Kivell,Pen,162,1.99,322.38,
11/25/2021,East,Morgan,Pen,7,1.99,13.93,
2/4/2020,East,Andrews,Pencil,23,0.99,22.77,
3/6/2020,West,Morgan,Desk,41,125,5125,
2/9/2020,Central,Jones,Pencil,28,0.99,27.72,
7/11/2020,East,Kivell,Pen,60,1.99,119.4,
6/16/2021,Central,Thompson,Pen,48,1.99,95.52,
11/3/2021,West,Howard,Pencil,69,0.99,68.31,
12/14/2020,West,Thompson,Binder,282,4.99,1407.18,
6/8/2021,West,Smith,Pen,130,1.99,258.7,
5/25/2021,East,Thompson,Desk,46,125,5750,
5/23/2020,Central,Gill,Pencil,276,0.99,273.24,
8/31/2021,West,Howard,Desk,101,125,12625,
1/25/2021,West,Gill,Pencil,219,0.99,216.81,
6/23/2020,East,Jardine,Pen Set,262,12.49,3272.38,
9/7/2020,East,Howard,Pen,159,1.99,316.41,
10/15/2020,Central,Thompson,Pen,244,1.99,485.56,
1/1/2021,West,Parent,Pen,243,1.99,483.57,
5/22/2021,West,Jones,Pen Set,80,12.49,999.2,
4/19/2020,West,Jardine,Desk,90,125,11250,
11/22/2020,East,Kivell,Pen Set,236,12.49,2947.64,
5/10/2021,Central,Jones,Pencil,118,0.99,116.82,
5/31/2020,Central,Howard,Pen Set,190,12.49,2373.1,
4/27/2020,West,Kivell,Binder,250,4.99,1247.5,
10/16/2021,East,Morgan,Desk,279,125,34875,
12/9/2021,East,Gill,Desk,227,125,28375,
9/10/2021,Central,Sorvino,Pen,120,1.99,238.8,
9/15/2020,East,Gill,Pen,35,1.99,69.65,
10/20/2021,West,Thompson,Pen,34,1.99,67.66,
6/6/2020,East,Thompson,Desk,95,125,11875,
7/6/2021,West,Andrews,Desk,59,125,7375,
8/5/2021,Central,Howard,Pencil,32,0.99,31.68,
2/6/2021,East,Jardine,Pen Set,255,12.49,3184.95,
8/10/2020,Central,Howard,Pencil,187,0.99,185.13,
8/16/2021,Central,Sorvino,Pen,48,1.99,95.52,
11/22/2020,Central,Thompson,Desk,276,125,34500,
1/23/2021,West,Jardine,Binder,207,4.99,1032.93,
7/17/2020,Central,Howard,Pen Set,206,12.49,2572.94,
6/27/2020,East,Kivell,Pen Set,56,12.49,699.44,
3/21/2021,West,Andrews,Desk,15,125,1875,
11/27/2020,Central,Jardine,Pen,222,1.99,441.78,
6/4/2020,East,Parent,Pen Set,222,12.49,2772.78,
9/14/2021,Central,Morgan,Binder,25,4.99,124.75,
12/25/2021,West,Parent,Binder,12,4.99,59.88,
8/27/2021,East,Morgan,Pen,140,1.99,278.6,
11/12/2020,West,Sorvino,Pen,221,1.99,439.79,
10/18/2021,Central,Smith,Binder,125,4.99,623.75,
4/22/2020,West,Jardine,Pen Set,227,12.49,2835.23,
10/23/2021,East,Parent,Pencil,146,0.99,144.54,
12/14/2021,Central,Sorvino,Pen,281,1.99,559.19,
6/1/2020,Central,Jones,Pen,296,1.99,589.04,
6/2/2021,East,Smith,Pen,47,1.99,93.53,
11/18/2020,East,Thompson,Pen Set,300,12.49,3747,
5/12/2020,West,Jones,Pen Set,98,12.49,1224.02,
1/8/2020,East,Morgan,Pen,227,1.99,451.73,
10/9/2021,Central,Jones,Desk,122,125,15250,
5/25/2020,East,Sorvino,Pen Set,86,12.49,1074.14,
3/4/2020,West,Howard,Pen Set,225,12.49,2810.25,
8/4/2020,Central,Kivell,Pen,216,1.99,429.84,
9/30/2021,Central,Sorvino,Pencil,43,0.99,42.57,
8/30/2021,Central,Sorvino,Desk,257,125,32125,
1/7/2021,East,Howard,Pen,174,1.99,346.26,
4/30/2020,West,Morgan,Binder,106,4.99,528.94,
5/25/2021,East,Kivell,Pencil,203,0.99,200.97,
12/19/2020,Central,Jardine,Pencil,249,0.99,246.51,
12/9/2021,Central,Jones,Pen Set,263,12.49,3284.87,
4/18/2020,West,Thompson,Binder,35,4.99,174.65,
2/23/2021,Central,Jardine,Pen Set,26,12.49,324.74,
9/14/2021,West,Thompson,Pen,229,1.99,455.71,
10/26/2021,West,Sorvino,Desk,114,125,14250,
3/5/2021,West,Howard,Desk,211,125,26375,
1/8/2021,East,Jones,Binder,270,4.99,1347.3,
3/9/2021,East,Gill,Pen,212,1.99,421.88,
10/20/2020,East,Jones,Pen Set,251,12.49,3134.99,
11/14/2020,East,Jones,Binder,140,4.99,698.6,
1/13/2020,West,Jardine,Pencil,49,0.99,48.51,
3/19/2021,Central,Andrews,Pencil,89,0.99,88.11,
5/17/2021,Central,Morgan,Binder,203,4.99,1012.97,
5/24/2020,Central,Sorvino,Desk,186,125,23250,
5/8/2020,Central,Gill,Binder,182,4.99,908.18,
8/23/2020,East,Sorvino,Binder,21,4.99,104.79,
9/9/2020,East,Howard,Binder,101,4.99,503.99,
4/25/2021,Central,Smith,Pen,250,1.99,497.5,
11/18/2020,Central,Thompson,Pencil,68,0.99,67.32,
11/27/2020,Central,Thompson,Pen,179,1.99,356.21,
8/16/2020,Central,Smith,Pencil,253,0.99,250.47,
8/17/2020,West,Jones,Pencil,130,0.99,128.7,
1/27/2021,East,Jones,Pen Set,125,12.49,1561.25,
4/28/2020,West,Morgan,Desk,234,125,29250,
3/24/2020,East,Morgan,Desk,59,125,7375,
5/24/2020,West,Parent,Desk,259,125,32375,
10/29/2021,East,Gill,Desk,34,125,4250,
3/17/2021,East,Jardine,Pen Set,193,12.49,2410.57,
1/23/2020,East,Sorvino,Pen,40,1.99,79.6,
8/20/2021,Central,Gill,Pen,230,1.99,457.7,
2/13/2021,East,Parent,Pencil,188,0.99,186.12,
9/25/2021,East,Sorvino,Pen,153,1.99,304.47,
10/3/2020,West,Kivell,Pen Set,73,12.49,911.77,
11/12/2021,Central,Morgan,Pen Set,4,12.49,49.96,
1/30/2021,East,Sorvino,Pen Set,114,12.49,1423.86,
6/27/2021,Central,Sorvino,Desk,65,125,8125,
1/16/2021,Central,Kivell,Desk,170,125,21250,
2/4/2020,West,Kivell,Pen,8,1.99,15.92,
10/27/2020,East,Andrews,Pen,108,1.99,214.92,
8/12/2020,Central,Sorvino,Binder,190,4.99,948.1,
11/18/2021,Central,Morgan,Pencil,239,0.99,236.61,
8/1/2021,Central,Kivell,Pen Set,146,12.49,1823.54,
1/3/2020,Central,Smith,Pen Set,229,12.49,2860.21,
5/18/2020,West,Howard,Binder,4,4.99,19.96,
2/22/2021,Central,Jones,Pen,16,1.99,31.84,
5/10/2021,East,Jones,Pencil,220,0.99,217.8,
6/25/2021,East,Sorvino,Desk,291,125,36375,
10/12/2020,East,Smith,Binder,141,4.99,703.59,
9/6/2021,West,Kivell,Desk,80,125,10000,
7/23/2021,East,Jones,Binder,227,4.99,1132.73,
7/14/2020,Central,Morgan,Pen Set,27,12.49,337.23,
2/15/2020,West,Sorvino,Pen Set,151,12.49,1885.99,
12/19/2020,West,Gill,Pen,230,1.99,457.7,
11/4/2020,Central,Thompson,Pen Set,169,12.49,2110.81,
6/8/2020,West,Sorvino,Pen,45,1.99,89.55,
5/27/2020,East,Sorvino,Pen,184,1.99,366.16,
12/25/2020,Central,Sorvino,Pen Set,80,12.49,999.2,
11/17/2021,West,Jardine,Pencil,226,0.99,223.74,
6/14/2020,Central,Andrews,Pen,229,1.99,455.71,
3/19/2021,West,Morgan,Binder,288,4.99,1437.12,
1/16/2021,East,Jones,Pen Set,137,12.49,1711.13,
6/10/2021,West,Jardine,Binder,14,4.99,69.86,
9/5/2020,East,Jones,Pen,148,1.99,294.52,
11/18/2020,East,Howard,Binder,268,4.99,1337.32,
6/7/2020,Central,Howard,Pen Set,236,12.49,2947.64,
2/6/2020,Central,Andrews,Pen,139,1.99,276.61,
12/20/2020,Central,Morgan,Binder,256,4.99,1277.44,
6/1/2021,West,Morgan,Binder,25,4.99,124.75,
8/16/2021,West,Jones,Desk,44,125,5500,
9/18/2021,Central,Howard,Pen,139,1.99,276.61,
2/15/2020,West,Thompson,Desk,57,125,7125,
2/3/2020,West,Kivell,Pen,37,1.99,73.63,
8/29/2020,West,Jardine,Desk,262,125,32750,
9/24/2021,Central,Morgan,Binder,25,4.99,124.75,
10/6/2020,West,Thompson,Pencil,21,0.99,20.79,
2/5/2020,Central,Andrews,Pen,299,1.99,595.01,
3/23/2021,East,Jardine,Pencil,21,0.99,20.79,
6/26/2020,West,Jardine,Pen Set,12,12.49,149.88,
11/5/2021,Central,Howard,Binder,154,4.99,768.46,
2/12/2020,West,Sorvino,Pen,228,1.99,453.72,
10/3/2021,Central,Parent,Pen Set,293,12.49,3659.57,
4/17/2020,Central,Kivell,Pencil,49,0.99,48.51,
3/8/2021,Central,Sorvino,Pen,292,1.99,581.08,
3/23/2021,Central,Kivell,Desk,148,125,18500,
9/24/2020,West,Smith,Desk,140,125,17500,
3/18/2021,East,Parent,Pen,250,1.99,497.5,
8/15/2020,Central,Thompson,Pencil,72,0.99,71.28,
2/11/2020,Central,Kivell,Pencil,180,0.99,178.2,
7/6/2020,West,Thompson,Binder,119,4.99,593.81,
9/22/2021,East,Parent,Pen Set,62,12.49,774.38,
2/11/2021,East,Sorvino,Pencil,20,0.99,19.8,
5/24/2020,Central,Jardine,Pen,262,1.99,521.38,
10/9/2021,West,Jardine,Binder,170,4.99,848.3,
10/7/2021,Central,Parent,Desk,79,125,9875,
11/8/2020,East,Parent,Pen Set,270,12.49,3372.3,
1/23/2020,East,Andrews,Pen Set,208,12.49,2597.92,
11/25/2021,West,Howard,Desk,79,125,9875,
1/26/2020,West,Andrews,Desk,117,125,14625,
4/25/2020,West,Thompson,Desk,44,125,5500,
7/23/2020,Central,Thompson,Desk,82,125,10250,
8/14/2020,West,Jardine,Pencil,248,0.99,245.52,
3/13/2020,East,Jones,Pencil,101,0.99,99.99,
10/26/2021,West,Gill,Pencil,32,0.99,31.68,
9/24/2020,Central,Kivell,Pen,229,1.99,455.71,
2/13/2020,Central,Kivell,Pen Set,250,12.49,3122.5,
1/28/2020,East,Smith,Binder,123,4.99,613.77,
12/1/2021,East,Morgan,Pen,115,1.99,228.85,
11/6/2020,Central,Andrews,Pencil,26,0.99,25.74,
5/25/2020,East,Andrews,Pen,262,1.99,521.38,
11/12/2020,West,Sorvino,Binder,209,4.99,1042.91,
6/17/2021,West,Kivell,Pencil,157,0.99,155.43,
1/24/2021,Central,Kivell,Desk,187,125,23375,
7/9/2020,East,Gill,Pen Set,233,12.49,2910.17,
10/14/2021,Central,Kivell,Pencil,143,0.99,141.57,
5/16/2020,Central,Kivell,Pen,140,1.99,278.6,
1/4/2020,West,Parent,Pencil,171,0.99,169.29,
12/22/2020,Central,Morgan,Pen,30,1.99,59.7,
1/4/2021,Central,Gill,Pen Set,163,12.49,2035.87,
4/30/2020,West,Morgan,Pen,272,1.99,541.28,
3/22/2021,East,Sorvino,Desk,95,125,11875,
7/16/2021,West,Jardine,Pen Set,282,12.49,3522.18,
12/30/2021,West,Gill,Binder,56,4.99,279.44,
9/8/2020,Central,Howard,Pen,112,1.99,222.88,
10/29/2020,East,Jones,Desk,186,125,23250,
10/14/2020,West,Jardine,Pencil,99,0.99,98.01,
6/15/2021,Central,Jardine,Pen Set,118,12.49,1473.82,
2/19/2021,Central,Kivell,Desk,99,125,12375,
5/3/2021,East,Gill,Pen,67,1.99,133.33,
9/20/2020,Central,Kivell,Pen,253,1.99,503.47,
2/5/2020,Central,Jones,Binder,281,4.99,1402.19,
5/11/2021,East,Morgan,Pen,55,1.99,109.45,
11/4/2020,East,Jardine,Binder,111,4.99,553.89,
10/4/2020,Central,Jones,Binder,119,4.99,593.81,
4/10/2020,West,Jardine,Pen,15,1.99,29.85,
10/5/2020,West,Howard,Binder,79,4.99,394.21,
11/18/2021,Central,Parent,Desk,274,125,34250,
9/11/2020,East,Jardine,Pen Set,24,12.49,299.76,
10/25/2020,East,Parent,Desk,210,125,26250,
3/19/2020,West,Gill,Pen Set,124,12.49,1548.76,
3/5/2020,West,Parent,Desk,71,125,8875,
6/3/2021,East,Jardine,Desk,211,125,26375,
3/20/2020,Central,Howard,Desk,247,125,30875,
9/19/2021,East,Smith,Pen,107,1.99,212.93,
9/18/2021,Central,Morgan,Pencil,46,0.99,45.54,
10/13/2021,East,Howard,Pen Set,44,12.49,549.56,
3/21/2021,East,Gill,Pen,167,1.99,332.33,
5/21/2020,West,Kivell,Binder,35,4.99,174.65,
3/21/2020,East,Parent,Pen Set,60,12.49,749.4,
5/21/2021,Central,Gill,Desk,67,125,8375,
9/11/2020,Central,Sorvino,Binder,241,4.99,1202.59,
9/1/2020,West,Sorvino,Desk,233,125,29125,
11/30/2020,West,Howard,Pencil,186,0.99,184.14,
10/23/2021,East,Parent,Pencil,284,0.99,281.16,
5/9/2020,West,Sorvino,Pencil,48,0.99,47.52,
7/9/2021,Central,Sorvino,Pen,128,1.99,254.72,
7/1/2021,Central,Sorvino,Desk,13,125,1625,
2/3/2020,West,Morgan,Binder,168,4.99,838.32,
3/19/2020,Central,Sorvino,Pen,43,1.99,85.57,
2/26/2021,East,Smith,Pen Set,123,12.49,1536.27,
5/23/2020,Central,Morgan,Pen Set,33,12.49,412.17,
11/8/2021,West,Kivell,Pencil,61,0.99,60.39,
1/14/2020,West,Gill,Pencil,87,0.99,86.13,
10/23/2020,West,Smith,Pencil,16,0.99,15.84,
8/9/2020,Central,Jardine,Desk,242,125,30250,
7/30/2020,West,Howard,Desk,46,125,5750,
12/25/2021,East,Andrews,Desk,264,125,33000,
10/15/2020,East,Parent,Pen Set,211,12.49,2635.39,
4/5/2020,East,Parent,Pen,233,1.99,463.67,
3/15/2020,Central,Kivell,Pencil,179,0.99,177.21,
4/13/2021,East,Morgan,Desk,84,125,10500,
4/16/2020,East,Gill,Binder,132,4.99,658.68,
8/1/2020,West,Jardine,Pen Set,13,12.49,162.37,
1/10/2020,Central,Sorvino,Pencil,251,0.99,248.49,
10/22/2021,Central,Parent,Pen Set,215,12.49,2685.35,
2/10/2021,East,Kivell,Pencil,272,0.99,269.28,
2/7/2020,East,Andrews,Binder,273,4.99,1362.27,
1/11/2020,Central,Smith,Desk,230,125,28750,
3/5/2021,Central,Howard,Binder,232,4.99,1157.68,
2/14/2020,West,Smith,Pencil,77,0.99,76.23,
5/15/2021,East,Parent,Pen,238,1.99,473.62,
8/2/2021,West,Parent,Desk,162,125,20250,
9/16/2021,East,Andrews,Pen,197,1.99,392.03,
7/13/2021,West,Gill,Pen,30,1.99,59.7,
8/31/2020,East,Jardine,Pen,238,1.99,473.62,
12/2/2020,West,Kivell,Pen Set,142,12.49,1773.58,
5/24/2021,West,Morgan,Pen,127,1.99,252.73,
5/1/2020,West,Parent,Pencil,113,0.99,111.87,
3/5/2021,West,Parent,Pen Set,153,12.49,1910.97,
1/15/2020,West,Gill,Desk,202,125,25250,
11/18/2021,West,Thompson,Pen,29,1.99,57.71,
7/2/2021,East,Jardine,Desk,300,125,37500,
9/29/2021,East,Smith,Pen,247,1.99,491.53,
6/3/2021,Central,Gill,Pencil,24,0.99,23.76,
6/23/2021,West,Andrews,Pencil,58,0.99,57.42,
12/3/2021,East,Morgan,Binder,243,4.99,1212.57,
9/12/2020,East,Parent,Pen Set,76,12.49,949.24,
7/15/2020,Central,Jardine,Binder,136,4.99,678.64,
6/26/2020,East,Gill,Pen Set,98,12.49,1224.02,
4/3/2020,West,Jardine,Desk,75,125,9375,
6/2/2021,Central,Andrews,Desk,289,125,36125,
2/21/2021,East,Kivell,Pen Set,217,12.49,2710.33,
10/3/2020,West,Gill,Pen Set,293,12.49,3659.57,
12/22/2021,Central,Morgan,Pen Set,161,12.49,2010.89,
9/5/2020,West,Jardine,Binder,72,4.99,359.28,
9/12/2021,Central,Sorvino,Desk,149,125,18625,
9/22/2021,West,Parent,Pen Set,285,12.49,3559.65,
2/3/2021,East,Thompson,Binder,71,4.99,354.29,
10/23/2020,West,Thompson,Pen Set,232,12.49,2897.68,
8/15/2021,West,Sorvino,Binder,109,4.99,543.91,
5/19/2020,East,Kivell,Pencil,233,0.99,230.67,
2/15/2020,East,Andrews,Desk,259,125,32375,
8/19/2020,Central,Andrews,Desk,84,125,10500,
9/18/2020,West,Parent,Desk,32,125,4000,
11/24/2021,West,Jones,Pen,245,1.99,487.55,
12/11/2020,Central,Kivell,Pen,104,1.99,206.96,
11/15/2021,East,Andrews,Pen Set,74,12.49,924.26,
10/31/2020,Central,Jones,Binder,57,4.99,284.43,
10/5/2020,West,Gill,Pen Set,75,12.49,936.75,
3/25/2020,West,Jardine,Pencil,234,0.99,231.66,
2/8/2020,Central,Parent,Desk,23,125,2875,
2/5/2021,West,Morgan,Pencil,220,0.99,217.8,
1/2/2021,East,Andrews,Binder,86,4.99,429.14,
7/30/2021,Central,Kivell,Binder,77,4.99,384.23,
5/11/2020,Central,Sorvino,Pencil,260,0.99,257.4,
2/17/2021,Central,Jones,Pen,2,1.99,3.98,
5/6/2021,Central,Gill,Pencil,103,0.99,101.97,
1/28/2021,Central,Smith,Desk,19,125,2375,
1/1/2020,East,Smith,Pencil,273,0.99,270.27,
9/22/2020,Central,Jones,Desk,268,125,33500,
7/21/2021,West,Howard,Desk,186,125,23250,
11/23/2020,West,Jardine,Pen,142,1.99,282.58,
3/28/2020,West,Kivell,Desk,247,125,30875,
4/2/2021,East,Andrews,Pencil,72,0.99,71.28,
10/28/2021,Central,Howard,Binder,132,4.99,658.68,
7/16/2021,Central,Kivell,Desk,176,125,22000,
3/25/2020,Central,Howard,Pen,163,1.99,324.37,
12/10/2020,East,Morgan,Pencil,40,0.99,39.6,
7/12/2020,East,Andrews,Desk,73,125,9125,
10/20/2020,West,Morgan,Pen,145,1.99,288.55,
6/2/2020,Central,Kivell,Pencil,26,0.99,25.74,
12/9/2020,West,Gill,Pencil,38,0.99,37.62,
12/30/2021,West,Morgan,Pencil,227,0.99,224.73,
10/23/2021,East,Jardine,Desk,191,125,23875,
8/9/2020,West,Gill,Desk,87,125,10875,
2/21/2021,Central,Smith,Pencil,137,0.99,135.63,
6/14/2020,West,Howard,Pencil,56,0.99,55.44,
1/3/2021,Central,Howard,Pencil,56,0.99,55.44,
3/28/2021,West,Andrews,Desk,253,125,31625,
10/12/2021,Central,Sorvino,Binder,262,4.99,1307.38,
4/11/2020,West,Gill,Binder,209,4.99,1042.91,
12/6/2020,East,Morgan,Desk,216,125,27000,
9/22/2020,Central,Kivell,Pen Set,83,12.49,1036.67,
4/13/2021,Central,Jardine,Binder,213,4.99,1062.87,
3/8/2021,Central,Jardine,Pen Set,202,12.49,2522.98,
2/11/2021,East,Jones,Pen,125,1.99,248.75,
3/23/2020,West,Thompson,Desk,282,125,35250,
11/11/2020,East,Howard,Binder,270,4.99,1347.3,
10/8/2021,Central,Howard,Pen,217,1.99,431.83,
7/18/2021,East,Thompson,Pencil,101,0.99,99.99,
11/3/2021,East,Parent,Desk,114,125,14250,
6/20/2021,Central,Jones,Binder,156,4.99,778.44,
9/12/2020,Central,Parent,Binder,34,4.99,169.66,
8/9/2020,Central,Jones,Pen,237,1.99,471.63,
12/26/2020,East,Kivell,Pen,13,1.99,25.87,
7/1/2021,East,Jones,Pen,185,1.99,368.15,
9/6/2020,East,Jones,Binder,229,4.99,1142.71,
5/12/2021,Central,Howard,Desk,143,125,17875,
10/10/2020,West,Jardine,Pencil,197,0.99,195.03,
1/19/2020,West,Parent,Pencil,218,0.99,215.82,
2/10/2020,West,Jones,Pen Set,48,12.49,599.52,
11/19/2020,East,Thompson,Pencil,38,0.99,37.62,
12/31/2021,East,Howard,Pen Set,97,12.49,1211.53,
7/18/2020,Central,Morgan,Binder,61,4.99,304.39,
9/26/2020,Central,Jones,Pencil,276,0.99,273.24,
12/14/2020,West,Gill,Pencil,296,0.99,293.04,
1/27/2020,West,Morgan,Pen,119,1.99,236.81,
5/10/2021,Central,Sorvino,Pencil,287,0.99,284.13,
8/21/2020,East,Jones,Desk,127,125,15875,
1/7/2020,West,Sorvino,Desk,152,125,19000,
9/12/2021,Central,Andrews,Binder,137,4.99,683.63,
9/24/2020,East,Morgan,Desk,104,125,13000,
8/27/2021,Central,Andrews,Pencil,57,0.99,56.43,
1/10/2020,East,Kivell,Pen,103,1.99,204.97,
4/23/2021,West,Parent,Desk,104,125,13000,
7/30/2021,Central,Thompson,Pencil,38,0.99,37.62,
1/11/2021,East,Morgan,Pen Set,130,12.49,1623.7,
11/28/2020,Central,Gill,Pencil,265,0.99,262.35,
8/5/2020,West,Andrews,Pencil,119,0.99,117.81,
5/3/2020,West,Sorvino,Pen Set,107,12.49,1336.43,
3/25/2020,West,Jardine,Pen,178,1.99,354.22,
4/15/2020,East,Parent,Desk,12,125,1500,
8/3/2021,West,Kivell,Pen Set,230,12.49,2872.7,
9/9/2021,Central,Jardine,Binder,83,4.99,414.17,
4/15/2020,West,Morgan,Pen,232,1.99,461.68,
2/16/2021,East,Sorvino,Desk,285,125,35625,
3/7/2021,West,Kivell,Pen Set,263,12.49,3284.87,
5/10/2020,East,Andrews,Binder,228,4.99,1137.72,
2/14/2020,East,Morgan,Desk,236,125,29500,
6/10/2020,West,Andrews,Binder,171,4.99,853.29,
8/27/2021,East,Jones,Pen Set,152,12.49,1898.48,
5/30/2021,West,Howard,Pen Set,246,12.49,3072.54,
11/22/2021,Central,Thompson,Pen Set,102,12.49,1273.98,
11/21/2020,Central,Jardine,Pen Set,192,12.49,2398.08,
7/25/2021,East,Jones,Desk,71,125,8875,
4/15/2020,East,Andrews,Pen,174,1.99,346.26,
4/28/2020,West,Jones,Pen,135,1.99,268.65,
5/11/2021,West,Kivell,Binder,215,4.99,1072.85,
6/18/2021,East,Kivell,Pen Set,284,12.49,3547.16,
1/10/2021,Central,Andrews,Desk,212,125,26500,
1/30/2020,Central,Sorvino,Pen Set,138,12.49,1723.62,
4/4/2021,West,Thompson,Binder,40,4.99,199.6,
9/15/2021,Central,Andrews,Desk,253,125,31625,
11/4/2020,Central,Jones,Binder,265,4.99,1322.35,
4/23/2021,West,Morgan,Pen Set,1,12.49,12.49,
8/24/2021,East,Parent,Pen Set,159,12.49,1985.91,
7/31/2021,Central,Jones,Pencil,77,0.99,76.23,
11/16/2021,East,Morgan,Pen Set,285,12.49,3559.65,
8/16/2020,East,Jardine,Binder,19,4.99,94.81,
5/13/2021,West,Morgan,Pen Set,226,12.49,2822.74,
8/12/2020,Central,Andrews,Pen Set,132,12.49,1648.68,
3/17/2021,West,Morgan,Pencil,100,0.99,99,
11/10/2021,West,Parent,Desk,72,125,9000,
7/7/2021,West,Jones,Desk,23,125,2875,
3/16/2020,East,Andrews,Pen Set,287,12.49,3584.63,
9/1/2021,East,Kivell,Pencil,16,0.99,15.84,
11/18/2021,Central,Jardine,Pen Set,144,12.49,1798.56,
2/17/2020,East,Jardine,Pen Set,240,12.49,2997.6,
12/22/2020,West,Howard,Binder,126,4.99,628.74,
5/28/2021,West,Jardine,Desk,259,125,32375,
1/22/2021,West,Sorvino,Pencil,169,0.99,167.31,
4/8/2021,Central,Thompson,Desk,267,125,33375,
9/20/2020,West,Thompson,Desk,143,125,17875,
1/9/2021,West,Sorvino,Binder,257,4.99,1282.43,
5/18/2021,West,Andrews,Pen Set,65,12.49,811.85,
1/6/2021,East,Jones,Pen Set,169,12.49,2110.81,
5/18/2020,Central,Parent,Pen Set,25,12.49,312.25,
10/11/2021,East,Thompson,Pencil,292,0.99,289.08,
11/9/2021,West,Sorvino,Pen Set,292,12.49,3647.08,
9/18/2020,Central,Sorvino,Desk,126,125,15750,
4/4/2020,East,Andrews,Pen,203,1.99,403.97,
6/18/2021,West,Gill,Binder,251,4.99,1252.49,
1/17/2021,West,Howard,Binder,200,4.99,998,
5/12/2021,West,Jones,Pencil,113,0.99,111.87,
4/1/2020,East,Morgan,Binder,244,4.99,1217.56,
1/19/2020,East,Kivell,Pencil,126,0.99,124.74,
2/26/2020,East,Jones,Pencil,109,0.99,107.91,
12/10/2020,Central,Sorvino,Desk,84,125,10500,
3/11/2020,West,Sorvino,Desk,15,125,1875,
1/26/2020,East,Jardine,Pen,7,1.99,13.93,
5/22/2021,Central,Andrews,Pencil,204,0.99,201.96,
4/23/2020,West,Smith,Binder,123,4.99,613.77,
1/15/2020,Central,Jones,Desk,261,125,32625,
3/4/2020,Central,Sorvino,Pencil,207,0.99,204.93,
9/25/2021,Central,Morgan,Desk,108,125,13500,
5/24/2020,Central,Jones,Pen Set,76,12.49,949.24,
3/14/2021,Central,Sorvino,Desk,262,125,32750,
11/17/2021,Central,Andrews,Pen Set,206,12.49,2572.94,
11/26/2021,East,Jones,Pen,50,1.99,99.5,
12/15/2020,Central,Gill,Binder,157,4.99,783.43,
2/24/2021,West,Morgan,Binder,292,4.99,1457.08,
4/14/2020,Central,Sorvino,Binder,58,4.99,289.42,
1/4/2021,West,Gill,Binder,268,4.99,1337.32,
12/15/2020,Central,Sorvino,Pen Set,126,12.49,1573.74,
9/1/2021,West,Sorvino,Pen Set,153,12.49,1910.97,
5/26/2020,East,Smith,Binder,159,4.99,793.41,
5/25/2021,Central,Thompson,Pencil,255,0.99,252.45,
10/10/2020,Central,Kivell,Pen Set,250,12.49,3122.5,
10/28/2021,West,Howard,Desk,160,125,20000,
8/31/2021,West,Morgan,Binder,8,4.99,39.92,
6/5/2020,East,Jones,Binder,285,4.99,1422.15,
8/17/2020,West,Thompson,Binder,36,4.99,179.64,
11/29/2021,West,Gill,Pen,8,1.99,15.92,
1/6/2021,Central,Morgan,Desk,89,125,11125,
7/18/2020,West,Thompson,Pen Set,81,12.49,1011.69,
7/8/2021,East,Thompson,Pencil,103,0.99,101.97,
8/31/2021,East,Jones,Desk,231,125,28875,
1/24/2021,Central,Morgan,Binder,261,4.99,1302.39,
11/17/2021,East,Sorvino,Pencil,52,0.99,51.48,
10/28/2020,East,Smith,Binder,152,4.99,758.48,
11/19/2021,West,Andrews,Pen Set,115,12.49,1436.35,
5/6/2021,East,Morgan,Pen Set,59,12.49,736.91,
6/22/2021,Central,Jardine,Pencil,112,0.99,110.88,
2/4/2020,Central,Thompson,Pencil,141,0.99,139.59,
8/11/2021,East,Thompson,Pen,257,1.99,511.43,
5/28/2021,East,Kivell,Pen,257,1.99,511.43,
8/21/2020,East,Parent,Pen,78,1.99,155.22,
6/24/2021,East,Kivell,Pencil,199,0.99,197.01,
4/25/2021,West,Jones,Pen Set,239,12.49,2985.11,
7/27/2021,East,Jones,Pen Set,143,12.49,1786.07,
8/28/2020,West,Smith,Pen Set,253,12.49,3159.97,
11/16/2021,Central,Gill,Pen,135,1.99,268.65,
1/29/2020,East,Thompson,Desk,297,125,37125,
5/21/2020,Central,Morgan,Pencil,59,0.99,58.41,
3/16/2021,West,Jardine,Pen Set,273,12.49,3409.77,
5/11/2020,East,Sorvino,Pen,177,1.99,352.23,
3/9/2020,West,Kivell,Pen,126,1.99,250.74,
3/6/2020,East,Gill,Binder,53,4.99,264.47,
12/9/2021,East,Thompson,Pen Set,226,12.49,2822.74,
10/5/2021,Central,Jones,Binder,279,4.99,1392.21,
1/12/2020,Central,Kivell,Pen,146,1.99,290.54,
2/27/2020,West,Kivell,Pen,120,1.99,238.8,
7/22/2020,Central,Gill,Pencil,221,0.99,218.79,
12/14/2020,East,Morgan,Pen Set,118,12.49,1473.82,
11/1/2021,Central,Andrews,Binder,144,4.99,718.56,
4/4/2021,West,Jones,Pen Set,221,12.49,2760.29,
6/9/2021,West,Sorvino,Pen Set,48,12.49,599.52,
1/22/2021,East,Howard,Pen,152,1.99,302.48,
1/8/2020,West,Andrews,Pen,36,1.99,71.64,
6/4/2020,West,Jardine,Pen Set,198,12.49,2473.02,
10/5/2021,Central,Andrews,Pencil,61,0.99,60.39,
1/24/2021,Central,Gill,Pen Set,284,12.49,3547.16,
9/2/2020,Central,Parent,Desk,289,125,36125,
7/7/2020,West,Kivell,Binder,271,4.99,1352.29,
12/1/2021,West,Gill,Desk,41,125,5125,
4/16/2020,West,Parent,Binder,119,4.99,593.81,
3/23/2021,Central,Andrews,Pen,203,1.99,403.97,
3/28/2020,East,Andrews,Pencil,240,0.99,237.6,
6/16/2020,East,Parent,Pen,270,1.99,537.3,
11/24/2021,East,Jones,Pen,139,1.99,276.61,
7/12/2021,East,Thompson,Pen,138,1.99,274.62,
5/24/2021,Central,Jones,Binder,129,4.99,643.71,
10/15/2021,East,Jones,Pen Set,143,12.49,1786.07,
11/1/2021,West,Parent,Desk,258,125,32250,
7/29/2020,West,Parent,Pencil,119,0.99,117.81,
10/4/2021,Central,Morgan,Pen,228,1.99,453.72,
9/6/2020,West,Jardine,Desk,262,125,32750,
10/24/2020,Central,Smith,Pen Set,210,12.49,2622.9,
4/2/2020,East,Smith,Pen,231,1.99,459.69,
4/19/2021,West,Sorvino,Pen,184,1.99,366.16,
5/5/2020,West,Kivell,Pen Set,200,12.49,2498,
10/14/2021,East,Howard,Desk,19,125,2375,
2/17/2020,East,Gill,Pencil,217,0.99,214.83,
3/7/2021,West,Morgan,Binder,281,4.99,1402.19,
5/19/2020,West,Gill,Desk,111,125,13875,
11/21/2021,West,Thompson,Pencil,138,0.99,136.62,
2/3/2020,East,Jardine,Pen,105,1.99,208.95,
3/17/2020,Central,Jones,Pen Set,173,12.49,2160.77,
12/17/2020,East,Smith,Pen Set,42,12.49,524.58,
2/13/2021,Central,Jardine,Pen,7,1.99,13.93,
8/5/2021,East,Andrews,Pencil,1,0.99,0.99,
6/11/2020,Central,Parent,Desk,161,125,20125,
2/5/2021,West,Smith,Desk,98,125,12250,
12/5/2020,East,Parent,Desk,51,125,6375,
3/12/2021,West,Jardine,Pencil,229,0.99,226.71,
9/2/2021,West,Parent,Desk,281,125,35125,
1/24/2021,Central,Morgan,Pencil,9,0.99,8.91,
2/10/2021,East,Parent,Pen Set,102,12.49,1273.98,
5/18/2021,East,Thompson,Pen,79,1.99,157.21,
6/20/2021,West,Smith,Desk,221,125,27625,
6/21/2021,East,Thompson,Pencil,39,0.99,38.61,
10/16/2020,Central,Sorvino,Pen Set,61,12.49,761.89,
4/27/2020,Central,Gill,Binder,50,4.99,249.5,
5/28/2020,East,Morgan,Pen,180,1.99,358.2,
1/20/2020,East,Thompson,Pencil,219,0.99,216.81,
3/9/2020,West,Howard,Pen Set,115,12.49,1436.35,
3/16/2021,West,Jardine,Desk,9,125,1125,
6/27/2020,Central,Jardine,Pen Set,114,12.49,1423.86,
11/20/2021,East,Kivell,Pen,98,1.99,195.02,
8/15/2020,Central,Andrews,Pen,195,1.99,388.05,
7/24/2020,East,Howard,Binder,106,4.99,528.94,
6/30/2020,West,Smith,Pen Set,190,12.49,2373.1,
3/8/2020,West,Gill,Desk,251,125,31375,
4/23/2021,Central,Howard,Desk,140,125,17500,
9/13/2020,East,Jones,Pen,230,1.99,457.7,
2/3/2020,Central,Kivell,Binder,126,4.99,628.74,
12/3/2020,East,Gill,Binder,278,4.99,1387.22,
1/28/2020,East,Sorvino,Pencil,164,0.99,162.36,
6/17/2021,West,Andrews,Binder,97,4.99,484.03,
2/14/2020,Central,Thompson,Desk,48,125,6000,
1/20/2021,Central,Parent,Pen Set,92,12.49,1149.08,
4/23/2021,West,Andrews,Pen,172,1.99,342.28,
3/1/2020,East,Parent,Desk,134,125,16750,
4/26/2020,West,Morgan,Desk,4,125,500,
10/30/2020,West,Sorvino,Binder,295,4.99,1472.05,
7/21/2020,East,Morgan,Pen,250,1.99,497.5,
11/16/2021,East,Morgan,Desk,124,125,15500,
9/5/2021,West,Gill,Binder,91,4.99,454.09,
2/2/2020,Central,Morgan,Desk,106,125,13250,
7/8/2020,Central,Parent,Binder,60,4.99,299.4,
1/30/2020,Central,Gill,Pencil,228,0.99,225.72,
1/3/2020,Central,Howard,Pen,267,1.99,531.33,
7/9/2021,West,Gill,Pencil,77,0.99,76.23,
1/14/2020,West,Gill,Binder,253,4.99,1262.47,
11/21/2020,West,Howard,Desk,297,125,37125,
12/25/2020,West,Thompson,Pencil,161,0.99,159.39,
1/15/2021,West,Jones,Pencil,24,0.99,23.76,
2/2/2020,West,Kivell,Pen Set,91,12.49,1136.59,
2/21/2021,West,Jones,Pen,89,1.99,177.11,
8/6/2021,West,Morgan,Pen,85,1.99,169.15,
9/26/2021,Central,Sorvino,Binder,200,4.99,998,
11/30/2021,Central,Andrews,Binder,15,4.99,74.85,
12/10/2021,East,Morgan,Pen,61,1.99,121.39,
12/9/2021,East,Parent,Pencil,164,0.99,162.36,
11/22/2021,East,Kivell,Pen,205,1.99,407.95,
8/24/2020,Central,Jones,Binder,112,4.99,558.88,
9/12/2020,East,Thompson,Pen Set,139,12.49,1736.11,
7/16/2021,East,Jones,Binder,249,4.99,1242.51,
6/27/2021,West,Andrews,Pencil,217,0.99,214.83,
5/8/2021,West,Parent,Pen,285,1.99,567.15,
5/30/2020,West,Jardine,Pen,87,1.99,173.13,
2/15/2020,East,Jones,Binder,43,4.99,214.57,
5/14/2021,West,Smith,Binder,128,4.99,638.72,
5/15/2020,Central,Thompson,Pen Set,257,12.49,3209.93,
7/30/2021,Central,Jardine,Binder,273,4.99,1362.27,
1/28/2021,West,Sorvino,Binder,265,4.99,1322.35,
5/31/2021,East,Morgan,Desk,296,125,37000,
6/28/2021,West,Andrews,Binder,51,4.99,254.49,
5/12/2020,East,Sorvino,Binder,213,4.99,1062.87,
5/14/2020,Central,Morgan,Pen Set,106,12.49,1323.94,
3/18/2021,Central,Gill,Pen,128,1.99,254.72,
9/22/2021,Central,Thompson,Pen,267,1.99,531.33,
7/8/2020,East,Howard,Pen,153,1.99,304.47,
6/29/2020,Central,Smith,Desk,30,125,3750,
3/28/2021,East,Sorvino,Pencil,78,0.99,77.22,
4/17/2020,East,Jardine,Pen,21,1.99,41.79,
9/10/2020,West,Andrews,Binder,192,4.99,958.08,
9/19/2020,West,Sorvino,Pen Set,78,12.49,974.22,
11/28/2021,West,Jardine,Desk,128,125,16000,
6/24/2021,West,Parent,Binder,240,4.99,1197.6,
12/10/2020,Central,Sorvino,Pen Set,7,12.49,87.43,
9/5/2020,West,Parent,Pen,192,1.99,382.08,
5/16/2021,West,Parent,Pen,83,1.99,165.17,
10/17/2020,West,Morgan,Pen Set,173,12.49,2160.77,
4/29/2020,East,Jardine,Pencil,111,0.99,109.89,
2/16/2021,East,Sorvino,Pencil,277,0.99,274.23,
5/30/2021,West,Parent,Binder,56,4.99,279.44,
1/18/2020,East,Smith,Pencil,89,0.99,88.11,
12/29/2021,East,Jones,Pencil,17,0.99,16.83,
3/3/2020,East,Morgan,Pen Set,111,12.49,1386.39,
2/16/2020,West,Jones,Pen Set,201,12.49,2510.49,
7/27/2021,West,Jones,Pen Set,160,12.49,1998.4,
1/11/2021,East,Kivell,Pencil,153,0.99,151.47,
12/24/2021,Central,Jones,Pen Set,65,12.49,811.85,
8/11/2020,Central,Smith,Pencil,115,0.99,113.85,
3/19/2021,Central,Andrews,Desk,174,125,21750,
7/15/2020,Central,Parent,Pencil,83,0.99,82.17,
3/22/2020,West,Kivell,Binder,115,4.99,573.85,
5/2/2020,East,Jardine,Pencil,128,0.99,126.72,
3/3/2020,Central,Parent,Binder,202,4.99,1007.98,
6/17/2020,Central,Sorvino,Binder,43,4.99,214.57,
8/3/2020,West,Thompson,Pencil,287,0.99,284.13,
9/26/2021,West,Sorvino,Pencil,216,0.99,213.84,
4/2/2021,Central,Jardine,Binder,164,4.99,818.36,
10/31/2020,West,Jardine,Pen Set,135,12.49,1686.15,
9/28/2021,Central,Kivell,Binder,114,4.99,568.86,
6/4/2021,West,Smith,Pen Set,296,12.49,3697.04,
3/10/2021,Central,Jardine,Binder,83,4.99,414.17,
9/5/2020,Central,Andrews,Pencil,264,0.99,261.36,
7/3/2020,West,Sorvino,Pencil,94,0.99,93.06,
11/29/2020,East,Andrews,Pen Set,134,12.49,1673.66,
11/10/2021,West,Smith,Pencil,119,0.99,117.81,
11/8/2020,East,Parent,Binder,194,4.99,968.06,
2/3/2021,East,Howard,Desk,300,125,37500,
6/24/2020,East,Kivell,Pen,154,1.99,306.46,
5/13/2020,West,Thompson,Pencil,72,0.99,71.28,
8/19/2021,West,Morgan,Desk,56,125,7000,
6/28/2020,Central,Jones,Binder,158,4.99,788.42,
3/18/2021,Central,Sorvino,Pen,271,1.99,539.29,
1/20/2020,Central,Smith,Pencil,157,0.99,155.43,
8/10/2020,West,Gill,Desk,214,125,26750,
11/13/2021,West,Jones,Pen,236,1.99,469.64,
9/3/2020,West,Kivell,Desk,292,125,36500,
11/12/2021,Central,Parent,Desk,164,125,20500,
6/18/2021,Central,Sorvino,Binder,174,4.99,868.26,
5/7/2021,West,Jones,Pen Set,131,12.49,1636.19,
1/16/2020,Central,Parent,Binder,140,4.99,698.6,
12/19/2020,East,Sorvino,Pencil,290,0.99,287.1,
2/10/2021,Central,Sorvino,Pen Set,5,12.49,62.45,
3/1/2021,Central,Howard,Pencil,85,0.99,84.15,
6/20/2020,West,Sorvino,Pencil,178,0.99,176.22,
3/20/2020,Central,Parent,Binder,73,4.99,364.27,
8/31/2020,Central,Parent,Pencil,157,0.99,155.43,
4/21/2021,West,Kivell,Pen Set,230,12.49,2872.7,
4/20/2020,East,Gill,Pen Set,49,12.49,612.01,
10/28/2020,West,Jones,Pencil,157,0.99,155.43,
5/25/2020,West,Jones,Desk,114,125,14250,
4/21/2021,Central,Jones,Pen,268,1.99,533.32,
10/20/2020,West,Morgan,Desk,232,125,29000,
6/25/2021,West,Thompson,Pen Set,220,12.49,2747.8,
6/28/2020,East,Morgan,Pen Set,111,12.49,1386.39,
10/9/2021,Central,Parent,Pen,98,1.99,195.02,
5/18/2020,East,Parent,Desk,196,125,24500,
2/9/2020,West,Gill,Binder,228,4.99,1137.72,
5/2/2020,East,Kivell,Pen,212,1.99,421.88,
2/18/2021,Central,Howard,Pencil,42,0.99,41.58,
10/28/2021,East,Jardine,Pen Set,124,12.49,1548.76,
12/27/2020,East,Kivell,Pencil,48,0.99,47.52,
4/4/2021,Central,Jones,Desk,171,125,21375,
9/1/2021,Central,Andrews,Desk,282,125,35250,
10/17/2021,East,Jones,Pen Set,113,12.49,1411.37,
9/15/2020,Central,Kivell,Binder,110,4.99,548.9,
7/21/2020,Central,Howard,Pencil,22,0.99,21.78,
5/1/2020,Central,Gill,Binder,268,4.99,1337.32,
10/27/2021,Central,Sorvino,Desk,80,125,10000,
10/6/2021,Central,Sorvino,Pencil,131,0.99,129.69,
11/8/2021,West,Gill,Pencil,54,0.99,53.46,
9/13/2021,Central,Morgan,Pen,112,1.99,222.88,
5/30/2020,West,Sorvino,Pen,53,1.99,105.47,
1/20/2020,East,Jones,Pen Set,175,12.49,2185.75,
5/13/2021,East,Kivell,Binder,63,4.99,314.37,
4/8/2021,Central,Sorvino,Pen Set,209,12.49,2610.41,
7/29/2020,Central,Jones,Desk,82,125,10250,
9/6/2020,Central,Sorvino,Binder,80,4.99,399.2,
7/10/2021,West,Morgan,Binder,183,4.99,913.17,
4/20/2021,West,Smith,Pen,176,1.99,350.24,
8/24/2020,Central,Morgan,Pen Set,220,12.49,2747.8,
4/5/2021,East,Sorvino,Pen,82,1.99,163.18,
8/13/2020,Central,Morgan,Pen,85,1.99,169.15,
4/3/2020,Central,Jardine,Pen,281,1.99,559.19,
5/11/2020,East,Thompson,Pen Set,242,12.49,3022.58,
12/4/2021,Central,Sorvino,Pencil,44,0.99,43.56,
1/28/2020,West,Kivell,Pen Set,126,12.49,1573.74,
9/14/2020,Central,Andrews,Pen,280,1.99,557.2,
1/17/2020,Central,Smith,Pen,81,1.99,161.19,
8/3/2020,West,Morgan,Pen Set,263,12.49,3284.87,
1/19/2021,East,Andrews,Binder,106,4.99,528.94,
6/14/2020,West,Smith,Binder,40,4.99,199.6,
9/17/2020,East,Smith,Desk,18,125,2250,
6/14/2021,Central,Parent,Pen Set,199,12.49,2485.51,
2/18/2020,East,Andrews,Desk,170,125,21250,
2/1/2021,West,Sorvino,Pencil,47,0.99,46.53,
2/2/2020,Central,Sorvino,Pencil,51,0.99,50.49,
4/13/2020,East,Howard,Pen Set,110,12.49,1373.9,
4/20/2021,Central,Thompson,Pencil,240,0.99,237.6,
11/25/2021,Central,Jardine,Desk,197,125,24625,
4/24/2021,East,Andrews,Pen Set,37,12.49,462.13,
3/19/2020,Central,Jardine,Desk,27,125,3375,
6/22/2021,East,Gill,Pencil,40,0.99,39.6,
9/22/2021,West,Smith,Desk,11,125,1375,
7/27/2020,West,Parent,Pencil,257,0.99,254.43,
11/1/2021,West,Jardine,Pen,191,1.99,380.09,
10/17/2020,East,Sorvino,Pen,239,1.99,475.61,
10/9/2021,West,Howard,Binder,124,4.99,618.76,
4/27/2020,West,Smith,Pencil,6,0.99,5.94,
11/11/2020,Central,Smith,Pencil,141,0.99,139.59,
9/7/2020,Central,Howard,Pen Set,115,12.49,1436.35,
7/7/2020,West,Gill,Binder,150,4.99,748.5,
6/29/2020,East,Sorvino,Pencil,74,0.99,73.26,
7/14/2020,Central,Howard,Pencil,225,0.99,222.75,
9/11/2021,East,Jones,Binder,258,4.99,1287.42,
5/15/2021,Central,Jones,Pen,143,1.99,284.57,
6/28/2021,Central,Sorvino,Pencil,289,0.99,286.11,
7/3/2021,West,Jardine,Pen Set,289,12.49,3609.61,
4/15/2020,West,Jones,Pen,84,1.99,167.16,
12/12/2020,Central,Jardine,Pencil,32,0.99,31.68,
8/10/2021,West,Thompson,Pen,261,1.99,519.39,
11/30/2020,West,Howard,Pen,290,1.99,577.1,
12/24/2021,West,Thompson,Pencil,53,0.99,52.47,
5/4/2021,West,Smith,Pencil,142,0.99,140.58,
4/13/2020,East,Morgan,Pen Set,213,12.49,2660.37,
9/3/2021,East,Howard,Pen Set,16,12.49,199.84,
7/15/2021,Central,Jardine,Desk,179,125,22375,
7/19/2020,Central,Thompson,Binder,259,4.99,1292.41,
5/12/2020,Central,Kivell,Pen,60,1.99,119.4,
12/1/2021,West,Sorvino,Desk,262,125,32750,
5/20/2020,East,Kivell,Pen,283,1.99,563.17,
12/27/2021,West,Kivell,Binder,81,4.99,404.19,
10/27/2021,West,Parent,Pen,276,1.99,549.24,
5/7/2021,East,Howard,Pen,45,1.99,89.55,
3/12/2020,West,Andrews,Pen,211,1.99,419.89,
1/28/2020,East,Morgan,Pen,237,1.99,471.63,
